Workbook

Sheet EtapeRH
A1: NumProcedureRH | B1: NumContratRH | C1: StatutEtape | D1: DateMiseJour
A2: 1 | B2: 1 | C2: {=INDEX({"démarré";"en signature";"terminé"},RANDBETWEEN(1,3))} -> en signature | D2: =IFERROR(IF(AND(TODAY()>=INDEX(Contratrh!A:A,MATCH(B2,Contratrh!F:F,0)), TODAY()<=INDEX(Contratrh!B:B,MATCH(B2,Contratrh!F:F,0))), TODAY(), INDEX(Contratrh!A:A,MATCH(B2,Contratrh!F:F,0))), "") -> 36423
A3: 1 | B3: 2 | C3: {=INDEX({"démarré";"en signature";"terminé"},RANDBETWEEN(1,3))} -> terminé | D3: =IFERROR(IF(AND(TODAY()>=INDEX(Contratrh!A:A,MATCH(B3,Contratrh!F:F,0)), TODAY()<=INDEX(Contratrh!B:B,MATCH(B3,Contratrh!F:F,0))), TODAY(), INDEX(Contratrh!A:A,MATCH(B3,Contratrh!F:F,0))), "") -> 34492
A4: 1 | B4: 3 | C4: {=INDEX({"démarré";"en signature";"terminé"},RANDBETWEEN(1,3))} -> en signature | D4: =IFERROR(IF(AND(TODAY()>=INDEX(Contratrh!A:A,MATCH(B4,Contratrh!F:F,0)), TODAY()<=INDEX(Contratrh!B:B,MATCH(B4,Contratrh!F:F,0))), TODAY(), INDEX(Contratrh!A:A,MATCH(B4,Contratrh!F:F,0))), "") -> 45761
A5: 1 | B5: 4 | C5: {=INDEX({"démarré";"en signature";"terminé"},RANDBETWEEN(1,3))} -> en signature | D5: =IFERROR(IF(AND(TODAY()>=INDEX(Contratrh!A:A,MATCH(B5,Contratrh!F:F,0)), TODAY()<=INDEX(Contratrh!B:B,MATCH(B5,Contratrh!F:F,0))), TODAY(), INDEX(Contratrh!A:A,MATCH(B5,Contratrh!F:F,0))), "") -> 36622
A6: 1 | B6: 5 | C6: {=INDEX({"démarré";"en signature";"terminé"},RANDBETWEEN(1,3))} -> terminé | D6: =IFERROR(IF(AND(TODAY()>=INDEX(Contratrh!A:A,MATCH(B6,Contratrh!F:F,0)), TODAY()<=INDEX(Contratrh!B:B,MATCH(B6,Contratrh!F:F,0))), TODAY(), INDEX(Contratrh!A:A,MATCH(B6,Contratrh!F:F,0))), "") -> 37133
A7: 1 | B7: 6 | C7: {=INDEX({"démarré";"en signature";"terminé"},RANDBETWEEN(1,3))} -> en signature | D7: =IFERROR(IF(AND(TODAY()>=INDEX(Contratrh!A:A,MATCH(B7,Contratrh!F:F,0)), TODAY()<=INDEX(Contratrh!B:B,MATCH(B7,Contratrh!F:F,0))), TODAY(), INDEX(Contratrh!A:A,MATCH(B7,Contratrh!F:F,0))), "") -> 42118
A8: 1 | B8: 7 | C8: {=INDEX({"démarré";"en signature";"terminé"},RANDBETWEEN(1,3))} -> terminé | D8: =IFERROR(IF(AND(TODAY()>=INDEX(Contratrh!A:A,MATCH(B8,Contratrh!F:F,0)), TODAY()<=INDEX(Contratrh!B:B,MATCH(B8,Contratrh!F:F,0))), TODAY(), INDEX(Contratrh!A:A,MATCH(B8,Contratrh!F:F,0))), "") -> 38260
A9: 1 | B9: 8 | C9: {=INDEX({"démarré";"en signature";"terminé"},RANDBETWEEN(1,3))} -> en signature | D9: =IFERROR(IF(AND(TODAY()>=INDEX(Contratrh!A:A,MATCH(B9,Contratrh!F:F,0)), TODAY()<=INDEX(Contratrh!B:B,MATCH(B9,Contratrh!F:F,0))), TODAY(), INDEX(Contratrh!A:A,MATCH(B9,Contratrh!F:F,0))), "") -> 40598
A10: 1 | B10: 9 | C10: {=INDEX({"démarré";"en signature";"terminé"},RANDBETWEEN(1,3))} -> démarré | D10: =IFERROR(IF(AND(TODAY()>=INDEX(Contratrh!A:A,MATCH(B10,Contratrh!F:F,0)), TODAY()<=INDEX(Contratrh!B:B,MATCH(B10,Contratrh!F:F,0))), TODAY(), INDEX(Contratrh!A:A,MATCH(B10,Contratrh!F:F,0))), "") -> 35978
A11: 1 | B11: 10 | C11: {=INDEX({"démarré";"en signature";"terminé"},RANDBETWEEN(1,3))} -> démarré | D11: =IFERROR(IF(AND(TODAY()>=INDEX(Contratrh!A:A,MATCH(B11,Contratrh!F:F,0)), TODAY()<=INDEX(Contratrh!B:B,MATCH(B11,Contratrh!F:F,0))), TODAY(), INDEX(Contratrh!A:A,MATCH(B11,Contratrh!F:F,0))), "") -> 38267
A12: 1 | B12: 11 | C12: {=INDEX({"démarré";"en signature";"terminé"},RANDBETWEEN(1,3))} -> démarré | D12: =IFERROR(IF(AND(TODAY()>=INDEX(Contratrh!A:A,MATCH(B12,Contratrh!F:F,0)), TODAY()<=INDEX(Contratrh!B:B,MATCH(B12,Contratrh!F:F,0))), TODAY(), INDEX(Contratrh!A:A,MATCH(B12,Contratrh!F:F,0))), "") -> 45761
A13: 1 | B13: 12 | C13: {=INDEX({"démarré";"en signature";"terminé"},RANDBETWEEN(1,3))} -> démarré | D13: =IFERROR(IF(AND(TODAY()>=INDEX(Contratrh!A:A,MATCH(B13,Contratrh!F:F,0)), TODAY()<=INDEX(Contratrh!B:B,MATCH(B13,Contratrh!F:F,0))), TODAY(), INDEX(Contratrh!A:A,MATCH(B13,Contratrh!F:F,0))), "") -> 39768
... A3201: 22 | B3201: 50 | C3201: {=INDEX({"démarré";"en signature";"terminé"},RANDBETWEEN(1,3))} -> terminé | D3201: =IFERROR(IF(AND(TODAY()>=INDEX(Contratrh!A:A,MATCH(B3201,Contratrh!F:F,0)), TODAY()<=INDEX(Contratrh!B:B,MATCH(B3201,Contratrh!F:F,0))), TODAY(), INDEX(Contratrh!A:A,MATCH(B3201,Contratrh!F:F,0))), "") -> 45761

Sheet Affecter
A1: NumSalle | B1: numpersonne | C1: DateDebut | D1: DateFin
A2: 1 | B2: 1 | C2: =RANDBETWEEN(DATE(1990,1,1), TODAY()) -> 45129 | D2: =IF(TODAY()-C2>365, RANDBETWEEN(DATE(YEAR(C2)+1,MONTH(C2),DAY(C2)), TODAY()), "") -> 45528
A3: 1 | B3: 2 | C3: =RANDBETWEEN(DATE(1990,1,1), TODAY()) -> 45442 | D3: =IF(TODAY()-C3>365, RANDBETWEEN(DATE(YEAR(C3)+1,MONTH(C3),DAY(C3)), TODAY()), "")
A4: 1 | B4: 3 | C4: =RANDBETWEEN(DATE(1990,1,1), TODAY()) -> 34799 | D4: =IF(TODAY()-C4>365, RANDBETWEEN(DATE(YEAR(C4)+1,MONTH(C4),DAY(C4)), TODAY()), "") -> 36279
A5: 1 | B5: 4 | C5: =RANDBETWEEN(DATE(1990,1,1), TODAY()) -> 41371 | D5: =IF(TODAY()-C5>365, RANDBETWEEN(DATE(YEAR(C5)+1,MONTH(C5),DAY(C5)), TODAY()), "") -> 42457
A6: 1 | B6: 5 | C6: =RANDBETWEEN(DATE(1990,1,1), TODAY()) -> 44172 | D6: =IF(TODAY()-C6>365, RANDBETWEEN(DATE(YEAR(C6)+1,MONTH(C6),DAY(C6)), TODAY()), "") -> 45550
A7: 1 | B7: 6 | C7: =RANDBETWEEN(DATE(1990,1,1), TODAY()) -> 42489 | D7: =IF(TODAY()-C7>365, RANDBETWEEN(DATE(YEAR(C7)+1,MONTH(C7),DAY(C7)), TODAY()), "") -> 44726
A8: 1 | B8: 7 | C8: =RANDBETWEEN(DATE(1990,1,1), TODAY()) -> 44149 | D8: =IF(TODAY()-C8>365, RANDBETWEEN(DATE(YEAR(C8)+1,MONTH(C8),DAY(C8)), TODAY()), "") -> 45298
A9: 1 | B9: 8 | C9: =RANDBETWEEN(DATE(1990,1,1), TODAY()) -> 45077 | D9: =IF(TODAY()-C9>365, RANDBETWEEN(DATE(YEAR(C9)+1,MONTH(C9),DAY(C9)), TODAY()), "") -> 45718
A10: 1 | B10: 9 | C10: =RANDBETWEEN(DATE(1990,1,1), TODAY()) -> 42187 | D10: =IF(TODAY()-C10>365, RANDBETWEEN(DATE(YEAR(C10)+1,MONTH(C10),DAY(C10)), TODAY()), "") -> 45407
A11: 1 | B11: 10 | C11: =RANDBETWEEN(DATE(1990,1,1), TODAY()) -> 36846 | D11: =IF(TODAY()-C11>365, RANDBETWEEN(DATE(YEAR(C11)+1,MONTH(C11),DAY(C11)), TODAY()), "") -> 39421
A12: 1 | B12: 11 | C12: =RANDBETWEEN(DATE(1990,1,1), TODAY()) -> 41244 | D12: =IF(TODAY()-C12>365, RANDBETWEEN(DATE(YEAR(C12)+1,MONTH(C12),DAY(C12)), TODAY()), "") -> 41903
A13: 1 | B13: 12 | C13: =RANDBETWEEN(DATE(1990,1,1), TODAY()) -> 42526 | D13: =IF(TODAY()-C13>365, RANDBETWEEN(DATE(YEAR(C13)+1,MONTH(C13),DAY(C13)), TODAY()), "") -> 44695
... A3701: 37 | B3701: 100 | C3701: =RANDBETWEEN(DATE(1990,1,1), TODAY()) -> 45120 | D3701: =IF(TODAY()-C3701>365, RANDBETWEEN(DATE(YEAR(C3701)+1,MONTH(C3701),DAY(C3701)), TODAY()), "") -> 45549

Sheet Impliquer
A1: NumPersonne | B1: NumProjet | C1: Role
A2: 1 | B2: 1 | C2: {=INDEX({"Chef de projet";"Rédacteur";"Coordinateur";"Développeur";"Testeur";"Consultant";"Responsable de la communication"},RANDBETWEEN(1,7))} -> Coordinateur
A3: 1 | B3: 2 | C3: {=INDEX({"Chef de projet";"Rédacteur";"Coordinateur";"Développeur";"Testeur";"Consultant";"Responsable de la communication"},RANDBETWEEN(1,7))} -> Consultant
A4: 1 | B4: 3 | C4: {=INDEX({"Chef de projet";"Rédacteur";"Coordinateur";"Développeur";"Testeur";"Consultant";"Responsable de la communication"},RANDBETWEEN(1,7))} -> Coordinateur
A5: 1 | B5: 4 | C5: {=INDEX({"Chef de projet";"Rédacteur";"Coordinateur";"Développeur";"Testeur";"Consultant";"Responsable de la communication"},RANDBETWEEN(1,7))} -> Chef de projet
A6: 1 | B6: 5 | C6: {=INDEX({"Chef de projet";"Rédacteur";"Coordinateur";"Développeur";"Testeur";"Consultant";"Responsable de la communication"},RANDBETWEEN(1,7))} -> Coordinateur
A7: 1 | B7: 6 | C7: {=INDEX({"Chef de projet";"Rédacteur";"Coordinateur";"Développeur";"Testeur";"Consultant";"Responsable de la communication"},RANDBETWEEN(1,7))} -> Responsable de la communication
A8: 1 | B8: 7 | C8: {=INDEX({"Chef de projet";"Rédacteur";"Coordinateur";"Développeur";"Testeur";"Consultant";"Responsable de la communication"},RANDBETWEEN(1,7))} -> Rédacteur
A9: 1 | B9: 8 | C9: {=INDEX({"Chef de projet";"Rédacteur";"Coordinateur";"Développeur";"Testeur";"Consultant";"Responsable de la communication"},RANDBETWEEN(1,7))} -> Développeur
A10: 1 | B10: 9 | C10: {=INDEX({"Chef de projet";"Rédacteur";"Coordinateur";"Développeur";"Testeur";"Consultant";"Responsable de la communication"},RANDBETWEEN(1,7))} -> Consultant
A11: 1 | B11: 10 | C11: {=INDEX({"Chef de projet";"Rédacteur";"Coordinateur";"Développeur";"Testeur";"Consultant";"Responsable de la communication"},RANDBETWEEN(1,7))} -> Consultant
A12: 1 | B12: 11 | C12: {=INDEX({"Chef de projet";"Rédacteur";"Coordinateur";"Développeur";"Testeur";"Consultant";"Responsable de la communication"},RANDBETWEEN(1,7))} -> Responsable de la communication
A13: 1 | B13: 12 | C13: {=INDEX({"Chef de projet";"Rédacteur";"Coordinateur";"Développeur";"Testeur";"Consultant";"Responsable de la communication"},RANDBETWEEN(1,7))} -> Chef de projet
... A1501: 100 | B1501: 15 | C1501: {=INDEX({"Chef de projet";"Rédacteur";"Coordinateur";"Développeur";"Testeur";"Consultant";"Responsable de la communication"},RANDBETWEEN(1,7))} -> Chef de projet

Sheet Contribuer
A1: numpersonne | B1: numpublication | C1: TypeContribution
A2: 1 | B2: 1 | C2: {=INDEX({"Relecteur";"Données";"Méthode";"Écriture";"Idée";"Expérimentation";"Analyse"},RANDBETWEEN(1,7))} -> Idée
A3: 1 | B3: 2 | C3: {=INDEX({"Relecteur";"Données";"Méthode";"Écriture";"Idée";"Expérimentation";"Analyse"},RANDBETWEEN(1,7))} -> Méthode
A4: 1 | B4: 3 | C4: {=INDEX({"Relecteur";"Données";"Méthode";"Écriture";"Idée";"Expérimentation";"Analyse"},RANDBETWEEN(1,7))} -> Expérimentation
A5: 1 | B5: 4 | C5: {=INDEX({"Relecteur";"Données";"Méthode";"Écriture";"Idée";"Expérimentation";"Analyse"},RANDBETWEEN(1,7))} -> Analyse
A6: 1 | B6: 5 | C6: {=INDEX({"Relecteur";"Données";"Méthode";"Écriture";"Idée";"Expérimentation";"Analyse"},RANDBETWEEN(1,7))} -> Analyse
A7: 1 | B7: 6 | C7: {=INDEX({"Relecteur";"Données";"Méthode";"Écriture";"Idée";"Expérimentation";"Analyse"},RANDBETWEEN(1,7))} -> Idée
A8: 1 | B8: 7 | C8: {=INDEX({"Relecteur";"Données";"Méthode";"Écriture";"Idée";"Expérimentation";"Analyse"},RANDBETWEEN(1,7))} -> Relecteur
A9: 1 | B9: 8 | C9: {=INDEX({"Relecteur";"Données";"Méthode";"Écriture";"Idée";"Expérimentation";"Analyse"},RANDBETWEEN(1,7))} -> Relecteur
A10: 1 | B10: 9 | C10: {=INDEX({"Relecteur";"Données";"Méthode";"Écriture";"Idée";"Expérimentation";"Analyse"},RANDBETWEEN(1,7))} -> Relecteur
A11: 1 | B11: 10 | C11: {=INDEX({"Relecteur";"Données";"Méthode";"Écriture";"Idée";"Expérimentation";"Analyse"},RANDBETWEEN(1,7))} -> Relecteur
A12: 1 | B12: 11 | C12: {=INDEX({"Relecteur";"Données";"Méthode";"Écriture";"Idée";"Expérimentation";"Analyse"},RANDBETWEEN(1,7))} -> Méthode
A13: 1 | B13: 12 | C13: {=INDEX({"Relecteur";"Données";"Méthode";"Écriture";"Idée";"Expérimentation";"Analyse"},RANDBETWEEN(1,7))} -> Analyse
... A6001: 100 | B6001: 60 | C6001: {=INDEX({"Relecteur";"Données";"Méthode";"Écriture";"Idée";"Expérimentation";"Analyse"},RANDBETWEEN(1,7))} -> Méthode

Sheet Exploiter
A1: NumEquipement | B1: NumProjet | C1: TauxExploitation | D1: Frequence | F1: Typeequipement | G1: Esperence | H1: Ecart Type
A2: 1 | B2: 1 | C2: =INT(MAX(0, MIN(100, _xlfn.NORM.INV(RAND(), G2, H2)))) -> 75 | D2: =I4 -> 0 | F2: =IF(A2<=3,1,IF(A2<=6,2,IF(A2<=10,3,4))) -> 1 | G2: =IF(F2=1,RANDBETWEEN(65,85),IF(F2=2,RANDBETWEEN(15,65), IF(F2=3,RANDBETWEEN(10,35), 10))) -> 84 | H2: =IF(F2=1,RANDBETWEEN(5,12),IF(F2=2,RANDBETWEEN(1,15),IF(F2=3,RANDBETWEEN(3,10),RANDBETWEEN(2,11)))) -> 9
A3: 1 | B3: 2 | C3: =INT(MAX(0, MIN(100, _xlfn.NORM.INV(RAND(), G3, H3)))) -> 73 | D3: {=IF(RAND()<0.2,INDEX({"Ponctuelle";"Régulière";"Permanente"},RANDBETWEEN(1,3)),C3)} -> 73 | F3: =IF(A3<=3,1,IF(A3<=6,2,IF(A3<=10,3,4))) -> 1 | G3: =IF(F3=1,RANDBETWEEN(65,85),IF(F3=2,RANDBETWEEN(15,65), IF(F3=3,RANDBETWEEN(10,35), 10))) -> 68 | H3: =IF(F3=1,RANDBETWEEN(5,12),IF(F3=2,RANDBETWEEN(1,15),IF(F3=3,RANDBETWEEN(3,10),RANDBETWEEN(2,11)))) -> 8
A4: 1 | B4: 3 | C4: =INT(MAX(0, MIN(100, _xlfn.NORM.INV(RAND(), G4, H4)))) -> 69 | D4: {=IF(RAND()<0.2,INDEX({"Ponctuelle";"Régulière";"Permanente"},RANDBETWEEN(1,3)),C4)} -> Permanente | F4: =IF(A4<=3,1,IF(A4<=6,2,IF(A4<=10,3,4))) -> 1 | G4: =IF(F4=1,RANDBETWEEN(65,85),IF(F4=2,RANDBETWEEN(15,65), IF(F4=3,RANDBETWEEN(10,35), 10))) -> 72 | H4: =IF(F4=1,RANDBETWEEN(5,12),IF(F4=2,RANDBETWEEN(1,15),IF(F4=3,RANDBETWEEN(3,10),RANDBETWEEN(2,11)))) -> 6
A5: 1 | B5: 4 | C5: =INT(MAX(0, MIN(100, _xlfn.NORM.INV(RAND(), G5, H5)))) -> 61 | D5: {=IF(RAND()<0.2,INDEX({"Ponctuelle";"Régulière";"Permanente"},RANDBETWEEN(1,3)),C5)} -> 61 | F5: =IF(A5<=3,1,IF(A5<=6,2,IF(A5<=10,3,4))) -> 1 | G5: =IF(F5=1,RANDBETWEEN(65,85),IF(F5=2,RANDBETWEEN(15,65), IF(F5=3,RANDBETWEEN(10,35), 10))) -> 66 | H5: =IF(F5=1,RANDBETWEEN(5,12),IF(F5=2,RANDBETWEEN(1,15),IF(F5=3,RANDBETWEEN(3,10),RANDBETWEEN(2,11)))) -> 5
A6: 1 | B6: 5 | C6: =INT(MAX(0, MIN(100, _xlfn.NORM.INV(RAND(), G6, H6)))) -> 66 | D6: {=IF(RAND()<0.2,INDEX({"Ponctuelle";"Régulière";"Permanente"},RANDBETWEEN(1,3)),C6)} -> 66 | F6: =IF(A6<=3,1,IF(A6<=6,2,IF(A6<=10,3,4))) -> 1 | G6: =IF(F6=1,RANDBETWEEN(65,85),IF(F6=2,RANDBETWEEN(15,65), IF(F6=3,RANDBETWEEN(10,35), 10))) -> 73 | H6: =IF(F6=1,RANDBETWEEN(5,12),IF(F6=2,RANDBETWEEN(1,15),IF(F6=3,RANDBETWEEN(3,10),RANDBETWEEN(2,11)))) -> 12
A7: 1 | B7: 6 | C7: =INT(MAX(0, MIN(100, _xlfn.NORM.INV(RAND(), G7, H7)))) -> 78 | D7: {=IF(RAND()<0.2,INDEX({"Ponctuelle";"Régulière";"Permanente"},RANDBETWEEN(1,3)),C7)} -> 78 | F7: =IF(A7<=3,1,IF(A7<=6,2,IF(A7<=10,3,4))) -> 1 | G7: =IF(F7=1,RANDBETWEEN(65,85),IF(F7=2,RANDBETWEEN(15,65), IF(F7=3,RANDBETWEEN(10,35), 10))) -> 71 | H7: =IF(F7=1,RANDBETWEEN(5,12),IF(F7=2,RANDBETWEEN(1,15),IF(F7=3,RANDBETWEEN(3,10),RANDBETWEEN(2,11)))) -> 5
A8: 1 | B8: 7 | C8: =INT(MAX(0, MIN(100, _xlfn.NORM.INV(RAND(), G8, H8)))) -> 75 | D8: {=IF(RAND()<0.2,INDEX({"Ponctuelle";"Régulière";"Permanente"},RANDBETWEEN(1,3)),C8)} -> 75 | F8: =IF(A8<=3,1,IF(A8<=6,2,IF(A8<=10,3,4))) -> 1 | G8: =IF(F8=1,RANDBETWEEN(65,85),IF(F8=2,RANDBETWEEN(15,65), IF(F8=3,RANDBETWEEN(10,35), 10))) -> 68 | H8: =IF(F8=1,RANDBETWEEN(5,12),IF(F8=2,RANDBETWEEN(1,15),IF(F8=3,RANDBETWEEN(3,10),RANDBETWEEN(2,11)))) -> 5
A9: 1 | B9: 8 | C9: =INT(MAX(0, MIN(100, _xlfn.NORM.INV(RAND(), G9, H9)))) -> 66 | D9: {=IF(RAND()<0.2,INDEX({"Ponctuelle";"Régulière";"Permanente"},RANDBETWEEN(1,3)),C9)} -> 66 | F9: =IF(A9<=3,1,IF(A9<=6,2,IF(A9<=10,3,4))) -> 1 | G9: =IF(F9=1,RANDBETWEEN(65,85),IF(F9=2,RANDBETWEEN(15,65), IF(F9=3,RANDBETWEEN(10,35), 10))) -> 65 | H9: =IF(F9=1,RANDBETWEEN(5,12),IF(F9=2,RANDBETWEEN(1,15),IF(F9=3,RANDBETWEEN(3,10),RANDBETWEEN(2,11)))) -> 8 | I9: Type Equipement | J9: Moyenne | K9: Ecart type
A10: 1 | B10: 9 | C10: =INT(MAX(0, MIN(100, _xlfn.NORM.INV(RAND(), G10, H10)))) -> 65 | D10: {=IF(RAND()<0.2,INDEX({"Ponctuelle";"Régulière";"Permanente"},RANDBETWEEN(1,3)),C10)} -> 65 | F10: =IF(A10<=3,1,IF(A10<=6,2,IF(A10<=10,3,4))) -> 1 | G10: =IF(F10=1,RANDBETWEEN(65,85),IF(F10=2,RANDBETWEEN(15,65), IF(F10=3,RANDBETWEEN(10,35), 10))) -> 67 | H10: =IF(F10=1,RANDBETWEEN(5,12),IF(F10=2,RANDBETWEEN(1,15),IF(F10=3,RANDBETWEEN(3,10),RANDBETWEEN(2,11)))) -> 7 | I10: 1 : ordinateur de bureau | J10: Entre 65 et 85 | K10: Entre 5 et 12
A11: 1 | B11: 10 | C11: =INT(MAX(0, MIN(100, _xlfn.NORM.INV(RAND(), G11, H11)))) -> 79 | D11: {=IF(RAND()<0.2,INDEX({"Ponctuelle";"Régulière";"Permanente"},RANDBETWEEN(1,3)),C11)} -> Régulière | F11: =IF(A11<=3,1,IF(A11<=6,2,IF(A11<=10,3,4))) -> 1 | G11: =IF(F11=1,RANDBETWEEN(65,85),IF(F11=2,RANDBETWEEN(15,65), IF(F11=3,RANDBETWEEN(10,35), 10))) -> 83 | H11: =IF(F11=1,RANDBETWEEN(5,12),IF(F11=2,RANDBETWEEN(1,15),IF(F11=3,RANDBETWEEN(3,10),RANDBETWEEN(2,11)))) -> 6 | I11: 2 : station de travail | J11: Entre 15 et 65 | K11: Entre 1 et 15
A12: 1 | B12: 11 | C12: =INT(MAX(0, MIN(100, _xlfn.NORM.INV(RAND(), G12, H12)))) -> 76 | D12: {=IF(RAND()<0.2,INDEX({"Ponctuelle";"Régulière";"Permanente"},RANDBETWEEN(1,3)),C12)} -> 76 | F12: =IF(A12<=3,1,IF(A12<=6,2,IF(A12<=10,3,4))) -> 1 | G12: =IF(F12=1,RANDBETWEEN(65,85),IF(F12=2,RANDBETWEEN(15,65), IF(F12=3,RANDBETWEEN(10,35), 10))) -> 76 | H12: =IF(F12=1,RANDBETWEEN(5,12),IF(F12=2,RANDBETWEEN(1,15),IF(F12=3,RANDBETWEEN(3,10),RANDBETWEEN(2,11)))) -> 7 | I12: 3 : Serveur de calcule | J12: Entre 10 et 35 | K12: Entre 3 et 10
A13: 1 | B13: 12 | C13: =INT(MAX(0, MIN(100, _xlfn.NORM.INV(RAND(), G13, H13)))) -> 94 | D13: {=IF(RAND()<0.2,INDEX({"Ponctuelle";"Régulière";"Permanente"},RANDBETWEEN(1,3)),C13)} -> 94 | F13: =IF(A13<=3,1,IF(A13<=6,2,IF(A13<=10,3,4))) -> 1 | G13: =IF(F13=1,RANDBETWEEN(65,85),IF(F13=2,RANDBETWEEN(15,65), IF(F13=3,RANDBETWEEN(10,35), 10))) -> 79 | H13: =IF(F13=1,RANDBETWEEN(5,12),IF(F13=2,RANDBETWEEN(1,15),IF(F13=3,RANDBETWEEN(3,10),RANDBETWEEN(2,11)))) -> 8 | I13: 4 : Drone | J13: 10 | K13: Entre 2 et 11
A14: 1 | B14: 13 | C14: =INT(MAX(0, MIN(100, _xlfn.NORM.INV(RAND(), G14, H14)))) -> 74 | D14: {=IF(RAND()<0.2,INDEX({"Ponctuelle";"Régulière";"Permanente"},RANDBETWEEN(1,3)),C14)} -> 74 | F14: =IF(A14<=3,1,IF(A14<=6,2,IF(A14<=10,3,4))) -> 1 | G14: =IF(F14=1,RANDBETWEEN(65,85),IF(F14=2,RANDBETWEEN(15,65), IF(F14=3,RANDBETWEEN(10,35), 10))) -> 69 | H14: =IF(F14=1,RANDBETWEEN(5,12),IF(F14=2,RANDBETWEEN(1,15),IF(F14=3,RANDBETWEEN(3,10),RANDBETWEEN(2,11)))) -> 9
A15: 1 | B15: 14 | C15: =INT(MAX(0, MIN(100, _xlfn.NORM.INV(RAND(), G15, H15)))) -> 91 | D15: {=IF(RAND()<0.2,INDEX({"Ponctuelle";"Régulière";"Permanente"},RANDBETWEEN(1,3)),C15)} -> 91 | F15: =IF(A15<=3,1,IF(A15<=6,2,IF(A15<=10,3,4))) -> 1 | G15: =IF(F15=1,RANDBETWEEN(65,85),IF(F15=2,RANDBETWEEN(15,65), IF(F15=3,RANDBETWEEN(10,35), 10))) -> 84 | H15: =IF(F15=1,RANDBETWEEN(5,12),IF(F15=2,RANDBETWEEN(1,15),IF(F15=3,RANDBETWEEN(3,10),RANDBETWEEN(2,11)))) -> 8
A16: 1 | B16: 15 | C16: =INT(MAX(0, MIN(100, _xlfn.NORM.INV(RAND(), G16, H16)))) -> 53 | D16: {=IF(RAND()<0.2,INDEX({"Ponctuelle";"Régulière";"Permanente"},RANDBETWEEN(1,3)),C16)} -> 53 | F16: =IF(A16<=3,1,IF(A16<=6,2,IF(A16<=10,3,4))) -> 1 | G16: =IF(F16=1,RANDBETWEEN(65,85),IF(F16=2,RANDBETWEEN(15,65), IF(F16=3,RANDBETWEEN(10,35), 10))) -> 65 | H16: =IF(F16=1,RANDBETWEEN(5,12),IF(F16=2,RANDBETWEEN(1,15),IF(F16=3,RANDBETWEEN(3,10),RANDBETWEEN(2,11)))) -> 8
A17: 2 | B17: 1 | C17: =INT(MAX(0, MIN(100, _xlfn.NORM.INV(RAND(), G17, H17)))) -> 81 | D17: {=IF(RAND()<0.2,INDEX({"Ponctuelle";"Régulière";"Permanente"},RANDBETWEEN(1,3)),C17)} -> 81 | F17: =IF(A17<=3,1,IF(A17<=6,2,IF(A17<=10,3,4))) -> 1 | G17: =IF(F17=1,RANDBETWEEN(65,85),IF(F17=2,RANDBETWEEN(15,65), IF(F17=3,RANDBETWEEN(10,35), 10))) -> 81 | H17: =IF(F17=1,RANDBETWEEN(5,12),IF(F17=2,RANDBETWEEN(1,15),IF(F17=3,RANDBETWEEN(3,10),RANDBETWEEN(2,11)))) -> 9
A18: 2 | B18: 2 | C18: =INT(MAX(0, MIN(100, _xlfn.NORM.INV(RAND(), G18, H18)))) -> 41 | D18: {=IF(RAND()<0.2,INDEX({"Ponctuelle";"Régulière";"Permanente"},RANDBETWEEN(1,3)),C18)} -> 41 | F18: =IF(A18<=3,1,IF(A18<=6,2,IF(A18<=10,3,4))) -> 1 | G18: =IF(F18=1,RANDBETWEEN(65,85),IF(F18=2,RANDBETWEEN(15,65), IF(F18=3,RANDBETWEEN(10,35), 10))) -> 66 | H18: =IF(F18=1,RANDBETWEEN(5,12),IF(F18=2,RANDBETWEEN(1,15),IF(F18=3,RANDBETWEEN(3,10),RANDBETWEEN(2,11)))) -> 11
A19: 2 | B19: 3 | C19: =INT(MAX(0, MIN(100, _xlfn.NORM.INV(RAND(), G19, H19)))) -> 68 | D19: {=IF(RAND()<0.2,INDEX({"Ponctuelle";"Régulière";"Permanente"},RANDBETWEEN(1,3)),C19)} -> 68 | F19: =IF(A19<=3,1,IF(A19<=6,2,IF(A19<=10,3,4))) -> 1 | G19: =IF(F19=1,RANDBETWEEN(65,85),IF(F19=2,RANDBETWEEN(15,65), IF(F19=3,RANDBETWEEN(10,35), 10))) -> 79 | H19: =IF(F19=1,RANDBETWEEN(5,12),IF(F19=2,RANDBETWEEN(1,15),IF(F19=3,RANDBETWEEN(3,10),RANDBETWEEN(2,11)))) -> 7
A20: 2 | B20: 4 | C20: =INT(MAX(0, MIN(100, _xlfn.NORM.INV(RAND(), G20, H20)))) -> 71 | D20: {=IF(RAND()<0.2,INDEX({"Ponctuelle";"Régulière";"Permanente"},RANDBETWEEN(1,3)),C20)} -> 71 | F20: =IF(A20<=3,1,IF(A20<=6,2,IF(A20<=10,3,4))) -> 1 | G20: =IF(F20=1,RANDBETWEEN(65,85),IF(F20=2,RANDBETWEEN(15,65), IF(F20=3,RANDBETWEEN(10,35), 10))) -> 80 | H20: =IF(F20=1,RANDBETWEEN(5,12),IF(F20=2,RANDBETWEEN(1,15),IF(F20=3,RANDBETWEEN(3,10),RANDBETWEEN(2,11)))) -> 6
A21: 2 | B21: 5 | C21: =INT(MAX(0, MIN(100, _xlfn.NORM.INV(RAND(), G21, H21)))) -> 79 | D21: {=IF(RAND()<0.2,INDEX({"Ponctuelle";"Régulière";"Permanente"},RANDBETWEEN(1,3)),C21)} -> Permanente | F21: =IF(A21<=3,1,IF(A21<=6,2,IF(A21<=10,3,4))) -> 1 | G21: =IF(F21=1,RANDBETWEEN(65,85),IF(F21=2,RANDBETWEEN(15,65), IF(F21=3,RANDBETWEEN(10,35), 10))) -> 82 | H21: =IF(F21=1,RANDBETWEEN(5,12),IF(F21=2,RANDBETWEEN(1,15),IF(F21=3,RANDBETWEEN(3,10),RANDBETWEEN(2,11)))) -> 8
A22: 2 | B22: 6 | C22: =INT(MAX(0, MIN(100, _xlfn.NORM.INV(RAND(), G22, H22)))) -> 79 | D22: {=IF(RAND()<0.2,INDEX({"Ponctuelle";"Régulière";"Permanente"},RANDBETWEEN(1,3)),C22)} -> Régulière | F22: =IF(A22<=3,1,IF(A22<=6,2,IF(A22<=10,3,4))) -> 1 | G22: =IF(F22=1,RANDBETWEEN(65,85),IF(F22=2,RANDBETWEEN(15,65), IF(F22=3,RANDBETWEEN(10,35), 10))) -> 67 | H22: =IF(F22=1,RANDBETWEEN(5,12),IF(F22=2,RANDBETWEEN(1,15),IF(F22=3,RANDBETWEEN(3,10),RANDBETWEEN(2,11)))) -> 8
A23: 2 | B23: 7 | C23: =INT(MAX(0, MIN(100, _xlfn.NORM.INV(RAND(), G23, H23)))) -> 67 | D23: {=IF(RAND()<0.2,INDEX({"Ponctuelle";"Régulière";"Permanente"},RANDBETWEEN(1,3)),C23)} -> 67 | F23: =IF(A23<=3,1,IF(A23<=6,2,IF(A23<=10,3,4))) -> 1 | G23: =IF(F23=1,RANDBETWEEN(65,85),IF(F23=2,RANDBETWEEN(15,65), IF(F23=3,RANDBETWEEN(10,35), 10))) -> 65 | H23: =IF(F23=1,RANDBETWEEN(5,12),IF(F23=2,RANDBETWEEN(1,15),IF(F23=3,RANDBETWEEN(3,10),RANDBETWEEN(2,11)))) -> 8
A24: 2 | B24: 8 | C24: =INT(MAX(0, MIN(100, _xlfn.NORM.INV(RAND(), G24, H24)))) -> 73 | D24: {=IF(RAND()<0.2,INDEX({"Ponctuelle";"Régulière";"Permanente"},RANDBETWEEN(1,3)),C24)} -> 73 | F24: =IF(A24<=3,1,IF(A24<=6,2,IF(A24<=10,3,4))) -> 1 | G24: =IF(F24=1,RANDBETWEEN(65,85),IF(F24=2,RANDBETWEEN(15,65), IF(F24=3,RANDBETWEEN(10,35), 10))) -> 79 | H24: =IF(F24=1,RANDBETWEEN(5,12),IF(F24=2,RANDBETWEEN(1,15),IF(F24=3,RANDBETWEEN(3,10),RANDBETWEEN(2,11)))) -> 7
A25: 2 | B25: 9 | C25: =INT(MAX(0, MIN(100, _xlfn.NORM.INV(RAND(), G25, H25)))) -> 80 | D25: {=IF(RAND()<0.2,INDEX({"Ponctuelle";"Régulière";"Permanente"},RANDBETWEEN(1,3)),C25)} -> 80 | F25: =IF(A25<=3,1,IF(A25<=6,2,IF(A25<=10,3,4))) -> 1 | G25: =IF(F25=1,RANDBETWEEN(65,85),IF(F25=2,RANDBETWEEN(15,65), IF(F25=3,RANDBETWEEN(10,35), 10))) -> 79 | H25: =IF(F25=1,RANDBETWEEN(5,12),IF(F25=2,RANDBETWEEN(1,15),IF(F25=3,RANDBETWEEN(3,10),RANDBETWEEN(2,11)))) -> 9
... A226: 15 | B226: 15 | C226: =INT(MAX(0, MIN(100, _xlfn.NORM.INV(RAND(), G226, H226)))) -> 11 | D226: {=IF(RAND()<0.2,INDEX({"Ponctuelle";"Régulière";"Permanente"},RANDBETWEEN(1,3)),C226)} -> 11 | F226: =IF(A226<=3,1,IF(A226<=6,2,IF(A226<=10,3,4))) -> 4 | G226: =IF(F226=1,RANDBETWEEN(65,85),IF(F226=2,RANDBETWEEN(15,65), IF(F226=3,RANDBETWEEN(10,35), 10))) -> 10 | H226: =IF(F226=1,RANDBETWEEN(5,12),IF(F226=2,RANDBETWEEN(1,15),IF(F226=3,RANDBETWEEN(3,10),RANDBETWEEN(2,11)))) -> 9

Sheet Contratrh
A1: datedebut | B1: datefin | C1: NumTypeContrat | D1: NumStatutContrat | E1: NumPersonne | F1: NumContratRH
A2: 36423 | B2: 39219 | C2: 2 | D2: 3 | E2: 90 | F2: 1
A3: 34492 | B3: 38596 | C3: 2 | D3: 3 | E3: 61 | F3: 2
A4: 44178 | B4: 48488 | C4: 1 | D4: 2 | E4: 76 | F4: 3
A5: 36622 | B5: 41159 | C5: 3 | D5: 3 | E5: 58 | F5: 4
A6: 37133 | B6: 37762 | C6: 3 | D6: 2 | E6: 89 | F6: 5
A7: 42118 | B7: 43155 | C7: 3 | D7: 2 | E7: 38 | F7: 6
A8: 38260 | B8: 39107 | C8: 2 | D8: 4 | E8: 12 | F8: 7
A9: 40598 | B9: 42882 | C9: 3 | D9: 2 | E9: 72 | F9: 8
A10: 35978 | B10: 39348 | C10: 1 | D10: 4 | E10: 57 | F10: 9
A11: 38267 | B11: 38761 | C11: 2 | D11: 3 | E11: 73 | F11: 10
A12: 45651 | B12: 48663 | C12: 1 | D12: 1 | E12: 22 | F12: 11
A13: 39768 | B13: 40754 | C13: 3 | D13: 4 | E13: 48 | F13: 12
... A151: 45407 | B151: 46728 | C151: 1 | D151: 4 | E151: 28 | F151: 150
